{
    "$schema": "https://schema.management.azure.com/schemas/2015-01-01/deploymentParameters.json#",
    "contentVersion": "1.0.0.0",
    "parameters": {
        "subscription": {
            "value": "0d8279c6-bb3d-4d02-943f-9a933f52e69c"
        },
        "resourceGroup": {
            "value": "tokyo-olympic"
        },
        "name": {
            "value": "de-tokyo-olympic-datafactory"
        },
        "version": {
            "value": "V2"
        },
        "location": {
            "value": "eastus"
        },
        "vNetEnabled": {
            "value": false
        },
        "publicNetworkAccess": {
            "value": true
        },
        "privateEndpoints": {
            "value": []
        },
        "gitConfigureLater": {
            "value": true
        },
        "tagsByResource": {
            "value": {}
        },
        "userAssignedIdentitiesStr": {
            "value": "{\"type\": \"SystemAssigned,UserAssigned\", \"userAssignedIdentities\": {\"\": {}"
        },
        "vaultBaseUrl": {
            "value": ""
        },
        "keyName": {
            "value": ""
        },
        "keyVersion": {
            "value": ""
        },
        "enableCMK": {
            "value": false
        }
    }
}